family,train_id,gap_train,dr,eval_id,eval_order,mean_step_reward,mean_episode_length,horizon_survival,non_timeout_terminations,error_vel_xy,error_vel_yaw,action_abs_mean,metrics_path
payload,G0_D0,G0,D0,M0,0,0.06099063177506385,2400.0,1.0,0,0.07883153855800629,0.03349466249346733,0.3826723967740933,/data1/xjy/unitree_rl_mjlab_normal_fixstand_v2/logs/experiments/go2_gap_experts/payload_20260713_payload_0_vs_5to10kg/cross_eval/G0_D0/M0/metrics.json
payload,G0_D0,G0,D0,M5,1,0.06035165248089181,2400.0,1.0,0,0.08725007623434067,0.05878644809126854,0.4191768665984273,/data1/xjy/unitree_rl_mjlab_normal_fixstand_v2/logs/experiments/go2_gap_experts/payload_20260713_payload_0_vs_5to10kg/cross_eval/G0_D0/M5/metrics.json
payload,G0_D0,G0,D0,M7p5,2,0.059169522884594816,2400.0,1.0,0,0.10036743432283401,0.08319752663373947,0.46010855191697675,/data1/xjy/unitree_rl_mjlab_normal_fixstand_v2/logs/experiments/go2_gap_experts/payload_20260713_payload_0_vs_5to10kg/cross_eval/G0_D0/M7p5/metrics.json
payload,G0_D0,G0,D0,M10,3,0.05519791754512511,959.4285714285714,0.39976190476190476,203,0.12120795249938965,0.11800409853458405,0.5050763597091039,/data1/xjy/unitree_rl_mjlab_normal_fixstand_v2/logs/experiments/go2_gap_experts/payload_20260713_payload_0_vs_5to10kg/cross_eval/G0_D0/M10/metrics.json
payload,G0_D1,G0,D1,M0,0,0.06098238934350718,2400.0,1.0,0,0.06783980131149292,0.03490310162305832,0.37665396818270286,/data1/xjy/unitree_rl_mjlab_normal_fixstand_v2/logs/experiments/go2_gap_experts/payload_20260713_payload_0_vs_5to10kg/cross_eval/G0_D1/M0/metrics.json
payload,G0_D1,G0,D1,M5,1,0.06007055693312718,2400.0,1.0,0,0.08273696899414062,0.06827148050069809,0.41633367360879975,/data1/xjy/unitree_rl_mjlab_normal_fixstand_v2/logs/experiments/go2_gap_experts/payload_20260713_payload_0_vs_5to10kg/cross_eval/G0_D1/M5/metrics.json
payload,G0_D1,G0,D1,M7p5,2,0.057193811688006996,953.3892215568862,0.3972455089820359,167,0.10406623035669327,0.09785959124565125,0.4590903236468633,/data1/xjy/unitree_rl_mjlab_normal_fixstand_v2/logs/experiments/go2_gap_experts/payload_20260713_payload_0_vs_5to10kg/cross_eval/G0_D1/M7p5/metrics.json
payload,G0_D1,G0,D1,M10,3,0.049659037924230535,445.7684630738523,0.1857368596141051,1002,0.1290004700422287,0.13855689764022827,0.4906032530342539,/data1/xjy/unitree_rl_mjlab_normal_fixstand_v2/logs/experiments/go2_gap_experts/payload_20260713_payload_0_vs_5to10kg/cross_eval/G0_D1/M10/metrics.json
payload,G0_D2,G0,D2,M0,0,0.060779960947913644,2400.0,1.0,0,0.07470981776714325,0.0436435304582119,0.37353121957431235,/data1/xjy/unitree_rl_mjlab_normal_fixstand_v2/logs/experiments/go2_gap_experts/payload_20260713_payload_0_vs_5to10kg/cross_eval/G0_D2/M0/metrics.json
payload,G0_D2,G0,D2,M5,1,0.059833799585744224,2400.0,1.0,0,0.09516917914152145,0.07728904485702515,0.4072298956414064,/data1/xjy/unitree_rl_mjlab_normal_fixstand_v2/logs/experiments/go2_gap_experts/payload_20260713_payload_0_vs_5to10kg/cross_eval/G0_D2/M5/metrics.json
payload,G0_D2,G0,D2,M7p5,2,0.058421395079573606,1553.25,0.6471875,4,0.11584673821926117,0.09997710585594177,0.43586620774120094,/data1/xjy/unitree_rl_mjlab_normal_fixstand_v2/logs/experiments/go2_gap_experts/payload_20260713_payload_0_vs_5to10kg/cross_eval/G0_D2/M7p5/metrics.json
payload,G0_D2,G0,D2,M10,3,0.054892203139414925,910.2886178861788,0.3792869241192412,246,0.13702704012393951,0.12783320248126984,0.46348196911315126,/data1/xjy/unitree_rl_mjlab_normal_fixstand_v2/logs/experiments/go2_gap_experts/payload_20260713_payload_0_vs_5to10kg/cross_eval/G0_D2/M10/metrics.json
payload,G1_D0,G1,D0,M0,0,0.06008057692149881,2400.0,1.0,0,0.0731733962893486,0.0516585148870945,0.4483464185024301,/data1/xjy/unitree_rl_mjlab_normal_fixstand_v2/logs/experiments/go2_gap_experts/payload_20260713_payload_0_vs_5to10kg/cross_eval/G1_D0/M0/metrics.json
payload,G1_D0,G1,D0,M5,1,0.06044167975281766,2400.0,1.0,0,0.0785810649394989,0.0420873761177063,0.4664126209417979,/data1/xjy/unitree_rl_mjlab_normal_fixstand_v2/logs/experiments/go2_gap_experts/payload_20260713_payload_0_vs_5to10kg/cross_eval/G1_D0/M5/metrics.json
payload,G1_D0,G1,D0,M7p5,2,0.06030029671868116,2400.0,1.0,0,0.08503889292478561,0.041931699961423874,0.48371384654194116,/data1/xjy/unitree_rl_mjlab_normal_fixstand_v2/logs/experiments/go2_gap_experts/payload_20260713_payload_0_vs_5to10kg/cross_eval/G1_D0/M7p5/metrics.json
payload,G1_D0,G1,D0,M10,3,0.06001427202077603,2400.0,1.0,0,0.09235844761133194,0.04486244171857834,0.5034580871959528,/data1/xjy/unitree_rl_mjlab_normal_fixstand_v2/logs/experiments/go2_gap_experts/payload_20260713_payload_0_vs_5to10kg/cross_eval/G1_D0/M10/metrics.json
payload,G1_D1,G1,D1,M0,0,0.05997307008710981,2400.0,1.0,0,0.06597970426082611,0.05872737988829613,0.43812968442837397,/data1/xjy/unitree_rl_mjlab_normal_fixstand_v2/logs/experiments/go2_gap_experts/payload_20260713_payload_0_vs_5to10kg/cross_eval/G1_D1/M0/metrics.json
payload,G1_D1,G1,D1,M5,1,0.0604167801537209,2400.0,1.0,0,0.07646578550338745,0.045368023216724396,0.459260870863994,/data1/xjy/unitree_rl_mjlab_normal_fixstand_v2/logs/experiments/go2_gap_experts/payload_20260713_payload_0_vs_5to10kg/cross_eval/G1_D1/M5/metrics.json
payload,G1_D1,G1,D1,M7p5,2,0.06028978781150841,2400.0,1.0,0,0.08459850400686264,0.043681979179382324,0.47652514682461816,/data1/xjy/unitree_rl_mjlab_normal_fixstand_v2/logs/experiments/go2_gap_experts/payload_20260713_payload_0_vs_5to10kg/cross_eval/G1_D1/M7p5/metrics.json
payload,G1_D1,G1,D1,M10,3,0.05999839498434542,2400.0,1.0,0,0.0930483341217041,0.045375920832157135,0.4960130689914028,/data1/xjy/unitree_rl_mjlab_normal_fixstand_v2/logs/experiments/go2_gap_experts/payload_20260713_payload_0_vs_5to10kg/cross_eval/G1_D1/M10/metrics.json
payload,G1_D2,G1,D2,M0,0,0.059399622935141755,2400.0,1.0,0,0.07088723033666611,0.08355545997619629,0.44812196816007294,/data1/xjy/unitree_rl_mjlab_normal_fixstand_v2/logs/experiments/go2_gap_experts/payload_20260713_payload_0_vs_5to10kg/cross_eval/G1_D2/M0/metrics.json
payload,G1_D2,G1,D2,M5,1,0.05992648904785559,2400.0,1.0,0,0.08179771155118942,0.06163264065980911,0.46866246341417234,/data1/xjy/unitree_rl_mjlab_normal_fixstand_v2/logs/experiments/go2_gap_experts/payload_20260713_payload_0_vs_5to10kg/cross_eval/G1_D2/M5/metrics.json
payload,G1_D2,G1,D2,M7p5,2,0.05981470561470398,2400.0,1.0,0,0.0904383733868599,0.05810227617621422,0.48591913589586816,/data1/xjy/unitree_rl_mjlab_normal_fixstand_v2/logs/experiments/go2_gap_experts/payload_20260713_payload_0_vs_5to10kg/cross_eval/G1_D2/M7p5/metrics.json
payload,G1_D2,G1,D2,M10,3,0.05953271861543574,2400.0,1.0,0,0.0996193215250969,0.059117622673511505,0.5050366722792387,/data1/xjy/unitree_rl_mjlab_normal_fixstand_v2/logs/experiments/go2_gap_experts/payload_20260713_payload_0_vs_5to10kg/cross_eval/G1_D2/M10/metrics.json
rr_calf,G0_D0,G0,D0,S1p0,0,0.06099111350824581,2400.0,1.0,0,0.07886210083961487,0.0335133820772171,0.38266630596170825,/data1/xjy/unitree_rl_mjlab_normal_fixstand_v2/logs/experiments/go2_gap_experts/rr_calf_20260713_rrcalf_1_vs_0p5to1/cross_eval/G0_D0/S1p0/metrics.json
rr_calf,G0_D0,G0,D0,S0p75,1,0.06102095560456486,2400.0,1.0,0,0.07763045281171799,0.03363775461912155,0.3788115773846706,/data1/xjy/unitree_rl_mjlab_normal_fixstand_v2/logs/experiments/go2_gap_experts/rr_calf_20260713_rrcalf_1_vs_0p5to1/cross_eval/G0_D0/S0p75/metrics.json
rr_calf,G0_D0,G0,D0,S0p5,2,0.060284658413287055,2400.0,1.0,0,0.08656703680753708,0.03951296955347061,0.4003564622501532,/data1/xjy/unitree_rl_mjlab_normal_fixstand_v2/logs/experiments/go2_gap_experts/rr_calf_20260713_rrcalf_1_vs_0p5to1/cross_eval/G0_D0/S0p5/metrics.json
rr_calf,G0_D1,G0,D1,S1p0,0,0.06098381547566438,2400.0,1.0,0,0.06785133481025696,0.03491504490375519,0.3766264350215594,/data1/xjy/unitree_rl_mjlab_normal_fixstand_v2/logs/experiments/go2_gap_experts/rr_calf_20260713_rrcalf_1_vs_0p5to1/cross_eval/G0_D1/S1p0/metrics.json
rr_calf,G0_D1,G0,D1,S0p75,1,0.06094588569581411,2400.0,1.0,0,0.06928808987140656,0.03908652439713478,0.3754812015220523,/data1/xjy/unitree_rl_mjlab_normal_fixstand_v2/logs/experiments/go2_gap_experts/rr_calf_20260713_rrcalf_1_vs_0p5to1/cross_eval/G0_D1/S0p75/metrics.json
rr_calf,G0_D1,G0,D1,S0p5,2,0.05970498530923787,1263.5,0.5264583333333334,8,0.08301835507154465,0.06242455169558525,0.3950472062950333,/data1/xjy/unitree_rl_mjlab_normal_fixstand_v2/logs/experiments/go2_gap_experts/rr_calf_20260713_rrcalf_1_vs_0p5to1/cross_eval/G0_D1/S0p5/metrics.json
rr_calf,G0_D2,G0,D2,S1p0,0,0.06078030635804187,2400.0,1.0,0,0.07471771538257599,0.04365285113453865,0.37353107417623205,/data1/xjy/unitree_rl_mjlab_normal_fixstand_v2/logs/experiments/go2_gap_experts/rr_calf_20260713_rrcalf_1_vs_0p5to1/cross_eval/G0_D2/S1p0/metrics.json
rr_calf,G0_D2,G0,D2,S0p75,1,0.06076893199703818,2400.0,1.0,0,0.07621505111455917,0.042998459190130234,0.37095185097306965,/data1/xjy/unitree_rl_mjlab_normal_fixstand_v2/logs/experiments/go2_gap_experts/rr_calf_20260713_rrcalf_1_vs_0p5to1/cross_eval/G0_D2/S0p75/metrics.json
rr_calf,G0_D2,G0,D2,S0p5,2,0.05994590422498694,2400.0,1.0,0,0.08897925168275833,0.052367378026247025,0.38405280485749244,/data1/xjy/unitree_rl_mjlab_normal_fixstand_v2/logs/experiments/go2_gap_experts/rr_calf_20260713_rrcalf_1_vs_0p5to1/cross_eval/G0_D2/S0p5/metrics.json
rr_calf,G1_D0,G1,D0,S1p0,0,0.06088794116649273,2400.0,1.0,0,0.06306008249521255,0.041667863726615906,0.40074427941193186,/data1/xjy/unitree_rl_mjlab_normal_fixstand_v2/logs/experiments/go2_gap_experts/rr_calf_20260713_rrcalf_1_vs_0p5to1/cross_eval/G1_D0/S1p0/metrics.json
rr_calf,G1_D0,G1,D0,S0p75,1,0.061021936373107905,2400.0,1.0,0,0.06169235333800316,0.04085417091846466,0.4011684004962444,/data1/xjy/unitree_rl_mjlab_normal_fixstand_v2/logs/experiments/go2_gap_experts/rr_calf_20260713_rrcalf_1_vs_0p5to1/cross_eval/G1_D0/S0p75/metrics.json
rr_calf,G1_D0,G1,D0,S0p5,2,0.06081224966961311,2400.0,1.0,0,0.06548362970352173,0.04199718311429024,0.4090478184819222,/data1/xjy/unitree_rl_mjlab_normal_fixstand_v2/logs/experiments/go2_gap_experts/rr_calf_20260713_rrcalf_1_vs_0p5to1/cross_eval/G1_D0/S0p5/metrics.json
rr_calf,G1_D1,G1,D1,S1p0,0,0.06090367300538475,2400.0,1.0,0,0.06424837559461594,0.03478389233350754,0.39316243497033915,/data1/xjy/unitree_rl_mjlab_normal_fixstand_v2/logs/experiments/go2_gap_experts/rr_calf_20260713_rrcalf_1_vs_0p5to1/cross_eval/G1_D1/S1p0/metrics.json
rr_calf,G1_D1,G1,D1,S0p75,1,0.06103878280943112,2400.0,1.0,0,0.0645868107676506,0.035204365849494934,0.39052484738330046,/data1/xjy/unitree_rl_mjlab_normal_fixstand_v2/logs/experiments/go2_gap_experts/rr_calf_20260713_rrcalf_1_vs_0p5to1/cross_eval/G1_D1/S0p75/metrics.json
rr_calf,G1_D1,G1,D1,S0p5,2,0.060789322611740366,2400.0,1.0,0,0.0701499730348587,0.03798013553023338,0.39579256704698007,/data1/xjy/unitree_rl_mjlab_normal_fixstand_v2/logs/experiments/go2_gap_experts/rr_calf_20260713_rrcalf_1_vs_0p5to1/cross_eval/G1_D1/S0p5/metrics.json
rr_calf,G1_D2,G1,D2,S1p0,0,0.06070056856846956,2400.0,1.0,0,0.07312972098588943,0.042145080864429474,0.3870981437464555,/data1/xjy/unitree_rl_mjlab_normal_fixstand_v2/logs/experiments/go2_gap_experts/rr_calf_20260713_rrcalf_1_vs_0p5to1/cross_eval/G1_D2/S1p0/metrics.json
rr_calf,G1_D2,G1,D2,S0p75,1,0.060859944055484144,2400.0,1.0,0,0.07186359167098999,0.04270925745368004,0.38442712164173526,/data1/xjy/unitree_rl_mjlab_normal_fixstand_v2/logs/experiments/go2_gap_experts/rr_calf_20260713_rrcalf_1_vs_0p5to1/cross_eval/G1_D2/S0p75/metrics.json
rr_calf,G1_D2,G1,D2,S0p5,2,0.06066158317232521,2400.0,1.0,0,0.07574809342622757,0.044427886605262756,0.391381147193412,/data1/xjy/unitree_rl_mjlab_normal_fixstand_v2/logs/experiments/go2_gap_experts/rr_calf_20260713_rrcalf_1_vs_0p5to1/cross_eval/G1_D2/S0p5/metrics.json
