rank,job,expert_dr,dataset_dr,interface_noise,robust_score,dr_mean_survival,dr_worst_survival,dr_mean_return,dr_mean_tracking_error,V0_return,V0_length,V0_survival,V0_xy_error,V0_yaw_error,V0_terminated,V0_action_abs,V1_return,V1_length,V1_survival,V1_xy_error,V1_yaw_error,V1_terminated,V1_action_abs,V2_return,V2_length,V2_survival,V2_xy_error,V2_yaw_error,V2_terminated,V2_action_abs,V3_return,V3_length,V3_survival,V3_xy_error,V3_yaw_error,V3_terminated,V3_action_abs,checkpoint_path
1,E0D0P2,default,default,obs_noise,70.35007888642,0.7832135668276973,0.4452657004830918,107.09139287614298,0.08782513315478961,142.526639439493,2400.0,1.0,0.03417118638753891,0.02779616415500641,0,0.38783809647584955,124.0324751145381,2170.5,0.904375,0.037173353135585785,0.03227744251489639,2,0.39358961697046957,141.30030070814462,2400.0,1.0,0.039869166910648346,0.03877522051334381,0,0.39323829375207425,55.9414028057462,1068.6376811594203,0.4452657004830918,0.05364697799086571,0.06173323839902878,69,0.40738564912229774,/data1/xjy/unitree_rl_mjlab_normal_fixstand_v2/logs/experiments/go2_normal_dr_3x3x4/normal_go2_fixstand_v2_moderate_seed0_20260712/policies/E0/D0/P2/run/step48828
2,E0D0P3,default,default,action_obs_noise,68.78581902777324,0.7944836182336182,0.3834508547008547,109.85758021336748,0.09186264500021935,142.2351075240161,2400.0,1.0,0.03317608684301376,0.031589195132255554,0,0.39943228298798206,141.3096251157572,2400.0,1.0,0.03843192383646965,0.036764826625585556,0,0.41252178909877935,141.1309802402758,2400.0,1.0,0.03969940170645714,0.04224637523293495,0,0.40625627893954513,47.13213528406945,920.2820512820513,0.3834508547008547,0.05389441177248955,0.06455099582672119,39,0.4233973928168416,/data1/xjy/unitree_rl_mjlab_normal_fixstand_v2/logs/experiments/go2_normal_dr_3x3x4/normal_go2_fixstand_v2_moderate_seed0_20260712/policies/E0/D0/P3/run/step48828
3,E1D1P2,friend_half,friend_half,obs_noise,57.509056998766475,0.5879743444489538,0.368701171875,79.65293402074411,0.08252008880178134,144.79338235759496,2400.0,1.0,0.024873053655028343,0.026246292516589165,0,0.35883403099452454,46.59750740086969,884.8828125,0.368701171875,0.039614707231521606,0.035613447427749634,128,0.37133217447126904,143.52221931830786,2400.0,1.0,0.031760528683662415,0.034861009567976,0,0.3637651711081465,48.839075343054795,948.5324675324675,0.39522186147186145,0.04776348918676376,0.05794708430767059,77,0.37888420052826405,/data1/xjy/unitree_rl_mjlab_normal_fixstand_v2/logs/experiments/go2_normal_dr_3x3x4/normal_go2_fixstand_v2_moderate_seed0_20260712/policies/E1/D1/P2/run/step48828
4,E2D1P0,friend_full,friend_half,none,54.61041233086438,0.6815327380952381,0.11126488095238095,94.82776085083928,0.07516735667983691,145.82226017829822,2400.0,1.0,0.02811187505722046,0.022512191906571388,0,0.3602115258512398,129.74267785064876,2240.0,0.9333333333333333,0.03354092314839363,0.029570206999778748,1,0.36753794183954597,144.8578984030086,2400.0,1.0,0.032629456371068954,0.031335972249507904,0,0.364537427102526,9.88270629886048,267.0357142857143,0.11126488095238095,0.044342830777168274,0.054082680493593216,56,0.3762685113400221,/data1/xjy/unitree_rl_mjlab_normal_fixstand_v2/logs/experiments/go2_normal_dr_3x3x4/normal_go2_fixstand_v2_moderate_seed0_20260712/policies/E2/D1/P0/run/step48828
5,E0D0P0,default,default,none,53.65279055496494,0.6974918300653594,0.09247549019607842,96.61028026959106,0.09170882279674213,142.50087600677216,2400.0,1.0,0.034935034811496735,0.03405457362532616,0,0.37257950166240333,141.78480434150606,2400.0,1.0,0.03742590174078941,0.03738709166646004,0,0.3819593960791826,141.72326083109408,2400.0,1.0,0.03942602872848511,0.04309610649943352,0,0.37923483569175004,6.322775636173045,221.94117647058823,0.09247549019607842,0.05197376757860184,0.06581757217645645,17,0.4009699693446358,/data1/xjy/unitree_rl_mjlab_normal_fixstand_v2/logs/experiments/go2_normal_dr_3x3x4/normal_go2_fixstand_v2_moderate_seed0_20260712/policies/E0/D0/P0/run/step48828
6,E2D0P2,friend_full,default,obs_noise,51.988360654553155,0.6829248366013072,0.04877450980392157,96.34501805899923,0.08687124152978261,144.99464402754165,2400.0,1.0,0.02995811402797699,0.03339460864663124,0,0.3592980841485163,144.1964761730378,2400.0,1.0,0.033433523029088974,0.035804372280836105,0,0.36537788653125364,143.85876949497344,2400.0,1.0,0.0357322096824646,0.04325741156935692,0,0.3637134505560001,0.9798085089864531,117.05882352941177,0.04877450980392157,0.04761885479092598,0.06476735323667526,17,0.37878534459819396,/data1/xjy/unitree_rl_mjlab_normal_fixstand_v2/logs/experiments/go2_normal_dr_3x3x4/normal_go2_fixstand_v2_moderate_seed0_20260712/policies/E2/D0/P2/run/step48828
7,E1D0P2,friend_half,default,obs_noise,51.20125181471175,0.6008657407407407,0.2036388888888889,79.16262929545155,0.09578194841742516,140.99802336824814,2400.0,1.0,0.035022638738155365,0.03220444545149803,0,0.3962926672026515,76.60124868417552,1437.5,0.5989583333333334,0.039276301860809326,0.037515103816986084,4,0.40492111860464014,139.82133424980532,2400.0,1.0,0.04022222012281418,0.044276464730501175,0,0.4012864397962888,21.065304952373843,488.73333333333335,0.2036388888888889,0.054667338728904724,0.07138841599225998,15,0.4213362225020925,/data1/xjy/unitree_rl_mjlab_normal_fixstand_v2/logs/experiments/go2_normal_dr_3x3x4/normal_go2_fixstand_v2_moderate_seed0_20260712/policies/E1/D0/P2/run/step48828
8,E1D1P3,friend_half,friend_half,action_obs_noise,50.99784012358495,0.5339458333333333,0.25702083333333337,72.5192994197801,0.08811277399460475,145.1585948280699,2400.0,1.0,0.030458176508545876,0.02972271665930748,0,0.359461427188168,31.138679478449557,616.85,0.25702083333333337,0.043046269565820694,0.039306867867708206,80,0.3698634265549481,144.27675766383823,2400.0,1.0,0.035873256623744965,0.03741716966032982,0,0.3638376188774904,42.14246111705249,827.56,0.34481666666666666,0.04889052361249924,0.05980423465371132,75,0.3756139179567496,/data1/xjy/unitree_rl_mjlab_normal_fixstand_v2/logs/experiments/go2_normal_dr_3x3x4/normal_go2_fixstand_v2_moderate_seed0_20260712/policies/E1/D1/P3/run/step48828
9,E1D0P0,friend_half,default,none,50.93276371387561,0.6815432098765433,0.04462962962962963,94.18285756235535,0.0942741942902406,143.0150101215113,2400.0,1.0,0.03732053190469742,0.032483652234077454,0,0.38064387990161774,142.01613557845576,2400.0,1.0,0.04040004685521126,0.03611670061945915,0,0.38969326328486203,141.49650235158617,2400.0,1.0,0.04149739816784859,0.04360504448413849,0,0.3886479320128759,-0.9640652429758726,107.11111111111111,0.04462962962962963,0.05339820683002472,0.06780518591403961,9,0.4053442209834854,/data1/xjy/unitree_rl_mjlab_normal_fixstand_v2/logs/experiments/go2_normal_dr_3x3x4/normal_go2_fixstand_v2_moderate_seed0_20260712/policies/E1/D0/P0/run/step48828
10,E0D0P1,default,default,action_noise,50.289441908444175,0.6760925925925926,0.028277777777777777,93.75493215922744,0.09147098412116368,143.2169778315183,2400.0,1.0,0.03618251159787178,0.03282126784324646,0,0.3731192423589528,142.34637778367505,2400.0,1.0,0.03963066637516022,0.035799916833639145,0,0.3849982057822247,142.2878859885011,2400.0,1.0,0.04052577540278435,0.04206085950136185,0,0.38111675923069316,-3.369467294493855,67.86666666666666,0.028277777777777777,0.05284903198480606,0.06354670226573944,15,0.4021272939443588,/data1/xjy/unitree_rl_mjlab_normal_fixstand_v2/logs/experiments/go2_normal_dr_3x3x4/normal_go2_fixstand_v2_moderate_seed0_20260712/policies/E0/D0/P1/run/step48828
11,E1D0P1,friend_half,default,action_noise,49.36511496350884,0.6713888888888889,0.014166666666666666,92.61750668621912,0.09473305816451709,141.95234783033084,2400.0,1.0,0.03785442188382149,0.029893966391682625,0,0.37914923251916965,141.21854871114397,2400.0,1.0,0.04063621535897255,0.034626878798007965,0,0.3882600538680951,140.83164923413835,2400.0,1.0,0.04278106987476349,0.04294349253177643,0,0.3858559560279051,-4.197677886624963,34.0,0.014166666666666666,0.054009705781936646,0.06920181214809418,12,0.4024777103215456,/data1/xjy/unitree_rl_mjlab_normal_fixstand_v2/logs/experiments/go2_normal_dr_3x3x4/normal_go2_fixstand_v2_moderate_seed0_20260712/policies/E1/D0/P1/run/step48828
12,E0D1P2,default,friend_half,obs_noise,49.155704710741674,0.5231012426900585,0.23717653508771933,70.45112014143156,0.083590983102719,144.80086609282444,2400.0,1.0,0.027273375540971756,0.02947326935827732,0,0.3593153252452612,41.218458768640474,797.1052631578947,0.33212719298245613,0.0387529656291008,0.03735992684960365,114,0.3680034751445055,143.408933686944,2400.0,1.0,0.03284056484699249,0.03667886182665825,0,0.3625381362810731,26.7259679687102,569.2236842105264,0.23717653508771933,0.04649427533149719,0.05864635482430458,76,0.37388070753465097,/data1/xjy/unitree_rl_mjlab_normal_fixstand_v2/logs/experiments/go2_normal_dr_3x3x4/normal_go2_fixstand_v2_moderate_seed0_20260712/policies/E0/D1/P2/run/step48828
13,E1D1P0,friend_half,friend_half,none,46.14030798051936,0.5219708994708995,0.14263888888888887,70.59223506173456,0.08066428576906522,144.8739174914008,2400.0,1.0,0.02970108576118946,0.023502930998802185,0,0.3668061351776123,54.711127667953924,1015.8571428571429,0.42327380952380955,0.038359977304935455,0.032220013439655304,7,0.37391090247159203,143.60597535531826,2400.0,1.0,0.035008665174245834,0.03344898298382759,0,0.3699943001071612,13.459602161931494,342.3333333333333,0.14263888888888887,0.04660593345761299,0.05634928494691849,18,0.3809707583238681,/data1/xjy/unitree_rl_mjlab_normal_fixstand_v2/logs/experiments/go2_normal_dr_3x3x4/normal_go2_fixstand_v2_moderate_seed0_20260712/policies/E1/D1/P0/run/step48828
14,E0D2P2,default,friend_full,obs_noise,45.22592928506991,0.5093171296296296,0.18263888888888888,67.2410589208336,0.1012766882777214,140.9231406289764,2400.0,1.0,0.03670034930109978,0.04335872083902359,0,0.3943531676133474,42.62261800317295,828.75,0.3453125,0.04440003260970116,0.049296386539936066,48,0.4005063283008834,140.1801927861128,2400.0,1.0,0.040726643055677414,0.050242550671100616,0,0.39495244522889456,18.92036597321502,438.3333333333333,0.18263888888888888,0.05148519575595856,0.0676792562007904,45,0.40324013251811264,/data1/xjy/unitree_rl_mjlab_normal_fixstand_v2/logs/experiments/go2_normal_dr_3x3x4/normal_go2_fixstand_v2_moderate_seed0_20260712/policies/E0/D2/P2/run/step48828
15,E2D1P1,friend_full,friend_half,action_noise,43.80509894491568,0.46949593979005744,0.14712418300653596,63.42556116770041,0.07496394962072372,145.43269022028835,2400.0,1.0,0.02586989849805832,0.02540191449224949,0,0.3607174787359933,31.493007067934908,627.2727272727273,0.26136363636363635,0.03206035494804382,0.03129836171865463,11,0.36761995378881696,144.72682596464983,2400.0,1.0,0.030104942619800568,0.033154115080833435,0,0.36384195848678547,14.056850470516485,353.0980392156863,0.14712418300653596,0.04348805174231529,0.05478602275252342,51,0.3735979447886348,/data1/xjy/unitree_rl_mjlab_normal_fixstand_v2/logs/experiments/go2_normal_dr_3x3x4/normal_go2_fixstand_v2_moderate_seed0_20260712/policies/E2/D1/P1/run/step48828
16,E1D2P1,friend_half,friend_full,action_noise,43.136909541260906,0.4811343915343915,0.20213333333333333,61.91688482263628,0.12347813074787457,138.6843284623701,2400.0,1.0,0.052369412034749985,0.05176931247115135,0,0.39655821189905205,21.567730478874292,485.12,0.20213333333333333,0.05842292308807373,0.05669897794723511,100,0.4027845841832459,138.05447102374194,2400.0,1.0,0.055421773344278336,0.057831376791000366,0,0.3973052912702163,26.128452965292603,579.047619047619,0.24126984126984127,0.06425543874502182,0.07780390232801437,21,0.4042595947533846,/data1/xjy/unitree_rl_mjlab_normal_fixstand_v2/logs/experiments/go2_normal_dr_3x3x4/normal_go2_fixstand_v2_moderate_seed0_20260712/policies/E1/D2/P1/run/step48828
17,E2D2P1,friend_full,friend_full,action_noise,40.043701012238174,0.4289849887766554,0.13689814814814813,57.03520380393419,0.09225436796744664,143.68890349326648,2400.0,1.0,0.04056841507554054,0.035613056272268295,0,0.36281462365761397,13.745627424679697,328.55555555555554,0.13689814814814813,0.04280540347099304,0.040374111384153366,9,0.3671280654023091,143.30884104227766,2400.0,1.0,0.04273886978626251,0.04083721712231636,0,0.36562983999649684,14.051142944845196,360.1363636363636,0.15005681818181818,0.0510893240571022,0.05891817808151245,22,0.37751474433888993,/data1/xjy/unitree_rl_mjlab_normal_fixstand_v2/logs/experiments/go2_normal_dr_3x3x4/normal_go2_fixstand_v2_moderate_seed0_20260712/policies/E2/D2/P1/run/step48828
18,E0D2P1,default,friend_full,action_noise,39.41855476190524,0.38004552403425357,0.23437905844155846,45.483466340413464,0.10916838174064954,31.453295384844143,660.1666666666666,0.2750694444444444,0.039240386337041855,0.04235248267650604,6,0.40195056253423295,25.557166845025666,562.5097402597403,0.23437905844155846,0.051985111087560654,0.06109510362148285,308,0.4143955377240976,74.90850896709831,1418.4,0.5910000000000001,0.04303734004497528,0.0481959767639637,25,0.4024521215260029,35.98472320911641,755.4180327868852,0.31475751366120214,0.053748879581689835,0.0694427341222763,122,0.4088934408004085,/data1/xjy/unitree_rl_mjlab_normal_fixstand_v2/logs/experiments/go2_normal_dr_3x3x4/normal_go2_fixstand_v2_moderate_seed0_20260712/policies/E0/D2/P1/run/step48828
19,E2D2P0,friend_full,friend_full,none,39.04087209469106,0.4177595029239766,0.12119517543859648,55.36186786618524,0.08991418530543645,142.8728033510979,2400.0,1.0,0.03530913591384888,0.031969886273145676,0,0.37464142456650734,11.886444855504363,290.86842105263156,0.12119517543859648,0.039891161024570465,0.04058228060603142,38,0.37862994325036803,142.2064598223708,2400.0,1.0,0.03931418061256409,0.04033641517162323,0,0.37574039204667015,11.992698920680567,317.0,0.13208333333333333,0.04914719983935356,0.060471318662166595,33,0.3841869642585516,/data1/xjy/unitree_rl_mjlab_normal_fixstand_v2/logs/experiments/go2_normal_dr_3x3x4/normal_go2_fixstand_v2_moderate_seed0_20260712/policies/E2/D2/P0/run/step48828
20,E1D0P3,friend_half,default,action_obs_noise,38.74435916315212,0.4222764227642276,0.11307926829268292,54.8995910604026,0.09055696551998456,141.9081592702637,2400.0,1.0,0.030906258150935173,0.03122667968273163,0,0.37916522172590095,15.035700168649782,369.0,0.15375,0.03446386754512787,0.034824784845113754,3,0.3897386814157168,140.72761417586503,2400.0,1.0,0.03734368458390236,0.04347649961709976,0,0.38814924788971744,8.935458836692993,271.390243902439,0.11307926829268292,0.05259960517287254,0.0689624547958374,41,0.4069811424364646,/data1/xjy/unitree_rl_mjlab_normal_fixstand_v2/logs/experiments/go2_normal_dr_3x3x4/normal_go2_fixstand_v2_moderate_seed0_20260712/policies/E1/D0/P3/run/step48828
21,E0D1P0,default,friend_half,none,38.12017681384518,0.4111298500881834,0.08193121693121692,54.79351519166744,0.07766042153040568,144.59795325583036,2400.0,1.0,0.0272100567817688,0.027019087225198746,0,0.3540110251866281,16.11452137064506,363.5,0.15145833333333333,0.03291437029838562,0.03285021334886551,22,0.36032402406757075,143.38512657469892,2400.0,1.0,0.03186829760670662,0.03474300354719162,0,0.35760617210219303,4.88089762965833,196.63492063492063,0.08193121693121692,0.043983664363622665,0.05662171542644501,63,0.3683714129279057,/data1/xjy/unitree_rl_mjlab_normal_fixstand_v2/logs/experiments/go2_normal_dr_3x3x4/normal_go2_fixstand_v2_moderate_seed0_20260712/policies/E0/D1/P0/run/step48828
22,E1D2P0,friend_half,friend_full,none,37.328310516296185,0.44317562067562066,0.08532051282051283,56.99051134764945,0.11511121938625972,139.82861576361574,2400.0,1.0,0.042885396629571915,0.048053398728370667,0,0.39877867688735325,27.0591121167582,586.0952380952381,0.2442063492063492,0.04940270259976387,0.05501289293169975,21,0.4067953882738948,138.81906071892627,2400.0,1.0,0.04830365255475044,0.056153200566768646,0,0.3998985894645254,5.093361207263884,204.76923076923077,0.08532051282051283,0.057823944836854935,0.0786372646689415,13,0.40982483319938184,/data1/xjy/unitree_rl_mjlab_normal_fixstand_v2/logs/experiments/go2_normal_dr_3x3x4/normal_go2_fixstand_v2_moderate_seed0_20260712/policies/E1/D2/P0/run/step48828
23,E0D1P1,default,friend_half,action_noise,29.282507753865644,0.2193562307969198,0.16382773631840797,24.49337296866537,0.08473019301891327,144.85834275906927,2400.0,1.0,0.03035828284919262,0.024753592908382416,0,0.3570791549546023,37.168761811903096,724.5116279069767,0.3018798449612403,0.04075326770544052,0.036136988550424576,86,0.3669775327170889,19.768665129629273,461.6666666666667,0.19236111111111112,0.03471507504582405,0.03327814117074013,3,0.36068664776782194,16.542691964463735,393.1865671641791,0.16382773631840797,0.048951588571071625,0.06035551801323891,134,0.37556962464004756,/data1/xjy/unitree_rl_mjlab_normal_fixstand_v2/logs/experiments/go2_normal_dr_3x3x4/normal_go2_fixstand_v2_moderate_seed0_20260712/policies/E0/D1/P1/run/step48828
24,E0D1P3,default,friend_half,action_obs_noise,29.083002838099738,0.20767466699155296,0.1534375,23.585020624437462,0.08185811713337898,144.80650080706982,2400.0,1.0,0.027045952156186104,0.02583661861717701,0,0.35516863904272516,31.80530951044792,629.5631578947368,0.26231798245614035,0.039031848311424255,0.03486860916018486,190,0.3627276199683547,15.67960792494705,368.25,0.1534375,0.03323560580611229,0.03391628339886665,8,0.3581118760195871,23.270144437917416,497.44444444444446,0.20726851851851852,0.04801490530371666,0.05650709941983223,162,0.3677902010952433,/data1/xjy/unitree_rl_mjlab_normal_fixstand_v2/logs/experiments/go2_normal_dr_3x3x4/normal_go2_fixstand_v2_moderate_seed0_20260712/policies/E0/D1/P3/run/step48828
25,E1D1P1,friend_half,friend_half,action_noise,28.29657391500463,0.21308978954140245,0.13958333333333334,22.19699526597975,0.08001896863182385,145.01047658667449,2400.0,1.0,0.02936532348394394,0.022832710295915604,0,0.36435930236553155,42.32951992173067,815.4516129032259,0.3397715053763441,0.03756825625896454,0.03160863742232323,31,0.37518439134582876,9.769505360355001,335.0,0.13958333333333334,0.03523069620132446,0.03280963748693466,7,0.37151114697257676,14.491960515853581,383.79487179487177,0.1599145299145299,0.046668488532304764,0.05617118999361992,39,0.3848382113749782,/data1/xjy/unitree_rl_mjlab_normal_fixstand_v2/logs/experiments/go2_normal_dr_3x3x4/normal_go2_fixstand_v2_moderate_seed0_20260712/policies/E1/D1/P1/run/step48828
26,E0D2P3,default,friend_full,action_obs_noise,27.13700444509342,0.2122488635276103,0.17896899224806204,22.445853529666103,0.11851403738061587,13.981566867500547,344.4193548387097,0.14350806451612905,0.04149804264307022,0.04907615855336189,31,0.40202223472297194,27.840773103649724,587.2403100775193,0.24468346253229972,0.05029857158660889,0.06686142086982727,258,0.4196461964274446,21.630785875388366,511.4259259259259,0.21309413580246914,0.04554259032011032,0.057483162730932236,54,0.4069593795388937,17.86600160996022,429.52558139534887,0.17896899224806204,0.05636271834373474,0.07899364829063416,215,0.41681590675065916,/data1/xjy/unitree_rl_mjlab_normal_fixstand_v2/logs/experiments/go2_normal_dr_3x3x4/normal_go2_fixstand_v2_moderate_seed0_20260712/policies/E0/D2/P3/run/step48828
27,E0D2P0,default,friend_full,none,25.34787162528981,0.18053272993490385,0.13471283783783786,18.54501472482346,0.09519438197215398,31.297229067861753,638.1698113207547,0.26590408805031446,0.03450179472565651,0.037702083587646484,53,0.4000383209933837,18.190705284534044,423.4391304347826,0.17643297101449276,0.044004496186971664,0.04607567936182022,230,0.4122408517636359,25.682007964075144,553.0857142857143,0.23045238095238096,0.03794126957654953,0.04329853132367134,35,0.4005540442094207,11.762330925861189,323.31081081081084,0.13471283783783786,0.050656311213970184,0.063606858253479,148,0.41019720032811163,/data1/xjy/unitree_rl_mjlab_normal_fixstand_v2/logs/experiments/go2_normal_dr_3x3x4/normal_go2_fixstand_v2_moderate_seed0_20260712/policies/E0/D2/P0/run/step48828
28,E2D1P2,friend_full,friend_half,obs_noise,24.586418255315408,0.15093235257554363,0.12003865979381442,15.990473231684659,0.07926985373099645,145.49961181165054,2400.0,1.0,0.026382382959127426,0.024567382410168648,0,0.3613374808244407,17.450447814134385,381.62015503875966,0.15900839793281651,0.037167515605688095,0.03439672291278839,129,0.37182407833014924,19.27546445489861,417.0,0.17375,0.03100268915295601,0.03268755227327347,6,0.3658501224095623,11.245507426020978,288.0927835051546,0.12003865979381442,0.046213164925575256,0.05634191632270813,194,0.37792717162519696,/data1/xjy/unitree_rl_mjlab_normal_fixstand_v2/logs/experiments/go2_normal_dr_3x3x4/normal_go2_fixstand_v2_moderate_seed0_20260712/policies/E2/D1/P2/run/step48828
29,E2D0P1,friend_full,default,action_noise,24.25939399996121,0.1817588458994709,0.07949776785714285,20.561334370503502,0.0901268074909846,16.068702370673417,359.0,0.14958333333333335,0.03884878009557724,0.02900063246488571,5,0.3579323219632109,43.09079249505885,806.25,0.3359375,0.039709072560071945,0.031767234206199646,4,0.3676379196780423,13.026016827916639,311.6190476190476,0.12984126984126984,0.043168067932128906,0.038838841021060944,21,0.363361161313951,5.567193788535016,190.79464285714286,0.07949776785714285,0.05395909771323204,0.06293810904026031,112,0.3779481873412927,/data1/xjy/unitree_rl_mjlab_normal_fixstand_v2/logs/experiments/go2_normal_dr_3x3x4/normal_go2_fixstand_v2_moderate_seed0_20260712/policies/E2/D0/P1/run/step48828
30,E2D2P2,friend_full,friend_full,obs_noise,22.691157497088017,0.14014520750829068,0.11047413793103447,13.54880709978445,0.09103736281394958,143.1801053670406,2400.0,1.0,0.031292062252759933,0.03776984289288521,0,0.3628389761659006,11.178355713344097,285.9075630252101,0.1191281512605042,0.04136580601334572,0.04471703991293907,119,0.3710210631042719,20.350795834147206,458.0,0.19083333333333333,0.03581688553094864,0.04327090084552765,17,0.36590627538661163,9.117269751862045,265.13793103448273,0.11047413793103447,0.047447409480810165,0.06049404665827751,116,0.3760347716137767,/data1/xjy/unitree_rl_mjlab_normal_fixstand_v2/logs/experiments/go2_normal_dr_3x3x4/normal_go2_fixstand_v2_moderate_seed0_20260712/policies/E2/D2/P2/run/step48828
31,E2D1P3,friend_full,friend_half,action_obs_noise,21.043112398898607,0.10737139917695473,0.08416666666666667,9.899980586259442,0.07808794764180978,145.27170000357546,2400.0,1.0,0.024485670030117035,0.0268872007727623,0,0.3537635322473943,9.437678176970216,243.71296296296296,0.10154706790123456,0.03518443927168846,0.03354576230049133,216,0.36311205751573045,14.021768304519355,327.3611111111111,0.13640046296296296,0.030498823150992393,0.03428947925567627,36,0.3596202695245544,6.240495277288753,202.0,0.08416666666666667,0.04479425773024559,0.0559510812163353,223,0.37040943051377934,/data1/xjy/unitree_rl_mjlab_normal_fixstand_v2/logs/experiments/go2_normal_dr_3x3x4/normal_go2_fixstand_v2_moderate_seed0_20260712/policies/E2/D1/P3/run/step48828
32,E2D2P3,friend_full,friend_full,action_obs_noise,20.416051792831258,0.10822508138510849,0.09801470588235295,9.760648899387519,0.09473568573594093,15.434869515112103,352.9100529100529,0.1470458553791887,0.03196476772427559,0.03519677370786667,189,0.3634386449493468,9.445538178621334,247.68577494692144,0.10320240622788393,0.043500252068042755,0.04569229111075401,471,0.3732804280643662,11.820996051238014,296.2995169082126,0.12345813204508857,0.03675347566604614,0.044034119695425034,207,0.3665936888381839,8.015412468303207,235.23529411764707,0.09801470588235295,0.049537453800439835,0.06468946486711502,306,0.3758308208609621,/data1/xjy/unitree_rl_mjlab_normal_fixstand_v2/logs/experiments/go2_normal_dr_3x3x4/normal_go2_fixstand_v2_moderate_seed0_20260712/policies/E2/D2/P3/run/step48828
33,E2D0P0,friend_full,default,none,20.36397632650525,0.1118251689624929,0.07938675213675213,10.341157484929543,0.08960967510938644,145.13016465347027,2400.0,1.0,0.03363393619656563,0.027755558490753174,0,0.3572303461159269,15.088383352067988,347.1904761904762,0.1446626984126984,0.038296643644571304,0.032295022159814835,21,0.36348518760253984,10.450550852859111,267.4225352112676,0.11142605633802816,0.03980062156915665,0.03938097134232521,71,0.3609207708264391,5.484538249861529,190.52820512820512,0.07938675213675213,0.05298026278614998,0.06607550382614136,195,0.37628048439820605,/data1/xjy/unitree_rl_mjlab_normal_fixstand_v2/logs/experiments/go2_normal_dr_3x3x4/normal_go2_fixstand_v2_moderate_seed0_20260712/policies/E2/D0/P0/run/step48828
34,E2D0P3,friend_full,default,action_obs_noise,20.26901187359723,0.10517261904761904,0.08025,9.502261088376656,0.08587053418159485,145.16121603931606,2400.0,1.0,0.03309185057878494,0.027214305475354195,0,0.362127156611532,6.33263502670452,192.6,0.08025,0.03626227751374245,0.03174528107047081,5,0.37099586442112925,16.626051009166986,371.0,0.15458333333333332,0.03852034732699394,0.038137320429086685,1,0.36782749721159536,5.5480972292584605,193.64285714285714,0.0806845238095238,0.0512060672044754,0.06174030900001526,70,0.38346258010715245,/data1/xjy/unitree_rl_mjlab_normal_fixstand_v2/logs/experiments/go2_normal_dr_3x3x4/normal_go2_fixstand_v2_moderate_seed0_20260712/policies/E2/D0/P3/run/step48828
35,E1D2P3,friend_half,friend_full,action_obs_noise,19.612033822893448,0.18024061205363195,0.15894297334717897,16.059990938228726,0.22967997193336487,34.30714864074898,793.228125,0.33051171875,0.12323366850614548,0.09856761991977692,640,0.5850804398705562,14.148202898480902,381.4631360332295,0.15894297334717897,0.1320454478263855,0.10161752998828888,963,0.5829382715622584,20.13996801937028,517.7385620915032,0.2157244008714597,0.12081901729106903,0.09320202469825745,459,0.5862405375018716,13.891801896834997,398.53070866141735,0.16605446194225723,0.12664952874183655,0.1147063672542572,635,0.5916746370742718,/data1/xjy/unitree_rl_mjlab_normal_fixstand_v2/logs/experiments/go2_normal_dr_3x3x4/normal_go2_fixstand_v2_moderate_seed0_20260712/policies/E1/D2/P3/run/step48828
36,E1D2P2,friend_half,friend_full,obs_noise,12.964580635089352,0.10949996407599866,0.10660699197296154,7.88417968100378,0.2759197801351547,7.98069149518473,260.86508620689654,0.10869378591954022,0.10981938987970352,0.1603657603263855,2320,0.5413385607053837,7.638727669425594,255.85678073510772,0.10660699197296154,0.1262945979833603,0.1574670374393463,2367,0.5426241212462386,7.955797924978913,261.36858006042297,0.10890357502517624,0.11760815978050232,0.13938046991825104,2317,0.548002960147957,8.058013448606834,271.1743805516597,0.1129893252298582,0.13887415826320648,0.14813491702079773,2139,0.5487265191972256,/data1/xjy/unitree_rl_mjlab_normal_fixstand_v2/logs/experiments/go2_normal_dr_3x3x4/normal_go2_fixstand_v2_moderate_seed0_20260712/policies/E1/D2/P2/run/step48828
